,stack_index,tiff_index,file_name,tillage,fertilizer,tillage-fertilizer,block,sub-rep,window_size,skip,denoise,skew_mean,skew_median,skew_std,skew_p5,skew_p95,kurt_mean,kurt_median,kurt_std,kurt_p5,kurt_p95,vari_mean,vari_median,vari_std,vari_p5,vari_p95,edge_mean,edge_median,edge_std,edge_p5,edge_p95,img_mean,img_median,img_std,img_p5,img_p95,img_mean_norm (g/cm3),img_median_norm (g/cm3),img_std_norm (g/cm3),img_p5_norm (g/cm3),img_p95_norm (g/cm3),depth
0,10,0,20210527Sbx_VBCSoilCores10_39um 3_0000.tif,NT,HM,NT-HM,2,1,50,10,True,0.4987908443230981,0.5861522713017653,0.8401074353171177,-1.0563669632376633,1.6972073131451293,0.604208282919661,-0.005431154976831332,2.810821792203424,-1.3026581770443089,4.20384285931858,926370.8833412167,733122.5330114703,749290.7883566845,202166.49339826917,2346478.1053552036,10.646487987050435,7.0,11.514276875249655,1.0,34.0,4724.922223295956,4569.546503389025,1214.5341004087984,2951.0801919351006,6729.223955889902,1.3735866245793975,1.301461640621205,0.5637834055483886,0.5501740081622174,2.303978003601203,0.0
1,10,0,20210527Sbx_VBCSoilCores10_39um 3_0000.tif,NT,HM,NT-HM,2,1,150,10,True,0.7662555618694239,0.7433198264276524,0.5324459256836821,-0.17500202802855036,1.6669627441213943,1.0830471774303034,0.31513538475029756,2.1853589454497424,-1.1661929798564061,5.397391200450931,1272543.0819471572,1097799.481583735,596408.7310096127,572250.5128437465,2449388.12276074,10.646487987050435,7.0,11.514276875249655,1.0,34.0,4724.922223295956,4569.546503389025,1214.5341004087984,2951.0801919351006,6729.223955889902,1.3735866245793975,1.301461640621205,0.5637834055483886,0.5501740081622174,2.303978003601203,0.0
2,10,50,20210527Sbx_VBCSoilCores10_39um 3_0050.tif,NT,HM,NT-HM,2,1,50,10,True,0.24015920335024118,0.31445622910270915,0.8860873419900692,-1.3052278959830144,1.5142307985402608,0.6328486069850291,0.05506607259360874,2.714379585895467,-1.2500864148400999,4.158053140740765,595899.1952602874,444804.0415425429,574645.626836617,135766.20292738927,1382617.0610799734,10.916765988362458,8.0,10.785632024119453,1.0,32.0,4962.899422108271,4809.1762058451595,1014.5377270681253,3460.587684400461,6552.493329968464,1.3487643543205718,1.283991012511895,0.4274890974223717,0.7157451262868547,2.0185610970232952,0.19499999999999998
3,10,50,20210527Sbx_VBCSoilCores10_39um 3_0050.tif,NT,HM,NT-HM,2,1,150,10,True,0.3643034861788494,0.35307581139178745,0.7451181873586878,-0.7525809000849694,1.672070123228048,0.9330923417890012,0.49600032931099536,1.7125641389457797,-0.884864654372471,4.296654883637742,790307.132959591,642212.392895214,481376.16410136875,372912.55342435394,1953319.49267789,10.916765988362458,8.0,10.785632024119453,1.0,32.0,4962.899422108271,4809.1762058451595,1014.5377270681253,3460.587684400461,6552.493329968464,1.3487643543205718,1.283991012511895,0.4274890974223717,0.7157451262868547,2.0185610970232952,0.19499999999999998
4,10,100,20210527Sbx_VBCSoilCores10_39um 3_0100.tif,NT,HM,NT-HM,2,1,50,10,True,0.014722962521764006,0.03228698962474864,0.8203650596400803,-1.3185253039552145,1.2249324193456104,0.26842387436640747,-0.28279135776894204,2.1910125195543153,-1.2615175666848752,3.3806868767467435,660451.016931167,528180.3124966185,529884.1137711953,190031.5366093897,1608742.8052312017,8.157372115684183,6.0,8.21332373511052,1.0,24.0,5151.111674468205,5095.208725504455,951.1614005122146,3627.5536038319437,6617.832446065232,1.373511385039724,1.3498672691986566,0.4022930946245053,0.7291234917270463,1.993859979755677,0.38999999999999996
5,10,100,20210527Sbx_VBCSoilCores10_39um 3_0100.tif,NT,HM,NT-HM,2,1,150,10,True,0.02068349706975494,-0.024134627310267436,0.6058612215456962,-0.8406175996287599,1.1173081578524877,0.2822962457123135,-0.04971385883975543,1.2075197686849548,-1.0461980933132171,2.491426482078617,784585.8214069157,707357.6877032195,305849.8120665666,441557.53487982426,1487712.8819035774,8.157372115684183,6.0,8.21332373511052,1.0,24.0,5151.111674468205,5095.208725504455,951.1614005122146,3627.5536038319437,6617.832446065232,1.373511385039724,1.3498672691986566,0.4022930946245053,0.7291234917270463,1.993859979755677,0.38999999999999996
6,10,150,20210527Sbx_VBCSoilCores10_39um 3_0150.tif,NT,HM,NT-HM,2,1,50,10,True,-0.058345283962695775,-0.020008380720473555,0.8629745655806026,-1.533750428358026,1.3205309294889447,0.26100266676165484,-0.3907038535444398,2.042248048388131,-1.356948125892371,3.8827365838580152,752196.8527152386,646016.630300676,530190.8955700025,185212.86268769082,1667534.6005759605,7.830349342373025,5.0,8.076803082397053,1.0,24.0,5343.206678444011,5353.608690113318,1054.00374718588,3641.837924862,6751.996262894168,1.4366408568024007,1.4411804743715506,0.45998544135393354,0.6941341445523579,2.0514609658468963,0.585
7,10,150,20210527Sbx_VBCSoilCores10_39um 3_0150.tif,NT,HM,NT-HM,2,1,150,10,True,0.05284383382354073,0.0016568004237215534,0.6868771253651282,-0.9242392225189718,1.3007160306197816,0.1570232558071856,-0.3154588164007184,1.6153018856880077,-1.15279928288322,3.200853326558535,946843.4081846218,939653.393175115,224764.63820724154,588454.540897182,1365356.9619198223,7.830349342373025,5.0,8.076803082397053,1.0,24.0,5343.206678444011,5353.608690113318,1054.00374718588,3641.837924862,6751.996262894168,1.4366408568024007,1.4411804743715506,0.45998544135393354,0.6941341445523579,2.0514609658468963,0.585
8,10,200,20210527Sbx_VBCSoilCores10_39um 3_0200.tif,NT,HM,NT-HM,2,1,50,10,True,0.037857171618279534,0.10293009911715531,0.6692815288627806,-1.160693250472267,1.0572678747996163,-0.15821804845293988,-0.5611574948080864,1.3463801110413478,-1.271063302875839,2.369775205016106,587763.6108840631,518017.62199978647,356734.91077830415,200863.9217143336,1139476.7905121266,20.832209719951795,15.0,18.769694432092557,2.0,59.0,5488.979775738152,5474.512152916151,903.9718952969611,4012.0774469779367,6837.210504291004,1.4643508128004594,1.4580266439661156,0.3951492900869395,0.8187589423301598,2.053697028133895,0.7799999999999999
9,10,200,20210527Sbx_VBCSoilCores10_39um 3_0200.tif,NT,HM,NT-HM,2,1,150,10,True,0.07287967585836007,0.037520417128884834,0.44766165877591363,-0.5826013797658327,0.7743659481977175,-0.2504682137197481,-0.5445259564255347,1.1735625630307305,-1.0056168603486568,1.0391214962299662,695930.5658603606,682457.0563789804,178018.9259603063,424773.246291029,1001905.3154632611,20.832209719951795,15.0,18.769694432092557,2.0,59.0,5488.979775738152,5474.512152916151,903.9718952969611,4012.0774469779367,6837.210504291004,1.4643508128004594,1.4580266439661156,0.3951492900869395,0.8187589423301598,2.053697028133895,0.7799999999999999
10,10,250,20210527Sbx_VBCSoilCores10_39um 3_0250.tif,NT,HM,NT-HM,2,1,50,10,True,0.014169428418654671,0.15267996636928305,0.9471759432043186,-1.5942781428087258,1.3120820378844005,0.6115756363766528,-0.14813602047665952,3.3230902097051516,-1.2016228576465502,4.4409171091118145,506290.1467513605,410863.5975692315,438168.4936365136,137214.52570860946,1116747.7928834592,11.866653939263772,8.0,11.313268823993816,1.0,34.0,5608.926332514759,5591.346556546429,883.5104018492981,4199.561166137151,6850.721832969406,1.49250115436258,1.484895344421163,0.3822467481858869,0.8827457392291728,2.029758317342332,0.975
11,10,250,20210527Sbx_VBCSoilCores10_39um 3_0250.tif,NT,HM,NT-HM,2,1,150,10,True,0.14236713315160174,0.2638907943378246,0.8796826762133937,-1.4656670604473863,1.2573652614273598,2.29539411339687,0.33346981709416523,7.9146366604980605,-0.7723787612092037,5.012696334651746,568371.8724102617,506866.6287419847,270419.80722640257,329772.1673521432,955412.4237009959,11.866653939263772,8.0,11.313268823993816,1.0,34.0,5608.926332514759,5591.346556546429,883.5104018492981,4199.561166137151,6850.721832969406,1.49250115436258,1.484895344421163,0.3822467481858869,0.8827457392291728,2.029758317342332,0.975
12,10,300,20210527Sbx_VBCSoilCores10_39um 3_0300.tif,NT,HM,NT-HM,2,1,50,10,True,-0.43712090367976864,-0.504757228688302,0.9574064267208849,-1.8842716848135233,1.0692619349203958,1.0172621107499369,0.16442218613669413,3.270637059475732,-1.2474154870036436,5.839606658611653,526091.7224626322,402085.276526264,471705.84102961427,93020.05702868095,1281853.4354523602,8.460133898979185,6.0,8.819633301576419,1.0,26.0,5671.274861474383,5844.870561859496,916.426219041892,4028.8465572952373,6841.378654293174,1.5463276328607027,1.6245404212583598,0.41289185039133225,0.806338698065041,2.073512811687174,1.17
13,10,300,20210527Sbx_VBCSoilCores10_39um 3_0300.tif,NT,HM,NT-HM,2,1,150,10,True,-0.5676806841583188,-0.7495998967640866,0.9277105600037523,-1.6479200671855194,1.5860759476616435,1.788787345026595,0.4633157432734545,4.1617471088355575,-1.054873223435348,9.97110335898658,639803.8598677833,591780.751255528,243538.97991091802,297778.5531947043,1075707.8332004952,8.460133898979185,6.0,8.819633301576419,1.0,26.0,5671.274861474383,5844.870561859496,916.426219041892,4028.8465572952373,6841.378654293174,1.5463276328607027,1.6245404212583598,0.41289185039133225,0.806338698065041,2.073512811687174,1.17
14,10,350,20210527Sbx_VBCSoilCores10_39um 3_0350.tif,NT,HM,NT-HM,2,1,50,10,True,-0.6611086583747765,-0.6666848156749351,0.8239929867854332,-1.9832860932191734,0.6461003870896584,0.9327732922347504,0.13767575672045607,2.7194489038933316,-1.3383030673787686,5.680318609625865,565011.8169202957,479444.3370728935,427808.67391128646,72528.59081082349,1345579.574221931,19.442694931095513,12.0,20.66003343027547,2.0,63.0,5709.217768165317,5979.839889786536,935.7529302895631,3821.8477486009538,6785.354062655436,1.5821158898097727,1.7059253793571993,0.428106512311724,0.7186450201354664,2.074447723238994,1.365
15,10,350,20210527Sbx_VBCSoilCores10_39um 3_0350.tif,NT,HM,NT-HM,2,1,150,10,True,-0.9431122924253423,-0.9185814848601251,0.5652154752221411,-1.9367911807473974,-0.00951925146038408,1.118650777339427,0.568045382037512,2.0630378868698296,-0.9001683288438546,5.613004313639581,713419.4804924377,685708.8974212031,355295.7076698694,181146.5013951948,1321522.2867375384,19.442694931095513,12.0,20.66003343027547,2.0,63.0,5709.217768165317,5979.839889786536,935.7529302895631,3821.8477486009538,6785.354062655436,1.5821158898097727,1.7059253793571993,0.428106512311724,0.7186450201354664,2.074447723238994,1.365
16,10,400,20210527Sbx_VBCSoilCores10_39um 3_0400.tif,NT,HM,NT-HM,2,1,50,10,True,-0.6052797377751821,-0.5804645712967891,0.8103608652390139,-1.9865003384425703,0.6232467577787686,0.6609063596354678,-0.14295844985158945,2.42678773363341,-1.4144075599494244,5.481287376246295,621893.3460592552,576500.9569486969,423426.74650207534,86827.25855812806,1394492.0119677559,8.806824931323781,5.0,9.489035791574501,1.0,29.0,5748.869506886213,6045.285393298314,989.386120584231,3834.715768602356,6920.194317310394,1.5938071373265725,1.7282875769821062,0.44887297403577425,0.725377852349534,2.1252235785704845,1.5599999999999998
17,10,400,20210527Sbx_VBCSoilCores10_39um 3_0400.tif,NT,HM,NT-HM,2,1,150,10,True,-0.799003916571444,-0.7954568819715814,0.6063572603069495,-1.7257260107087236,0.15921335540224782,0.630289885929133,-0.25849855025141144,2.101346591315559,-1.2745606734447186,5.071582846351625,787207.8693981903,842851.38139116,328907.0792338524,231049.68491565462,1317417.7259517622,8.806824931323781,5.0,9.489035791574501,1.0,29.0,5748.869506886213,6045.285393298314,989.386120584231,3834.715768602356,6920.194317310394,1.5938071373265725,1.7282875769821062,0.44887297403577425,0.725377852349534,2.1252235785704845,1.5599999999999998
18,10,450,20210527Sbx_VBCSoilCores10_39um 3_0450.tif,NT,HM,NT-HM,2,1,50,10,True,-0.4947290379411547,-0.46642127710275993,0.8399339014396577,-1.897580261302675,0.7440617708095769,0.5118605629312731,-0.24517273904628167,2.349556945705595,-1.4036966694773527,5.053609031146509,664612.4911278972,606581.0018541825,460880.3044292223,84240.43886458811,1536977.5481402301,15.70906639551486,10.0,16.234184281051363,1.0,51.0,5817.609759329412,6102.201066281032,1010.2997731593009,3900.5114482503623,7048.223255177111,1.548854685597334,1.6721786970681103,0.43780051523218544,0.7181045947440313,2.082125341344431,1.755
19,10,450,20210527Sbx_VBCSoilCores10_39um 3_0450.tif,NT,HM,NT-HM,2,1,150,10,True,-0.7122191635081148,-0.7141464177247275,0.6814659145028783,-1.820447927088578,0.46753335596384854,0.45349461828063165,-0.18975450517629522,2.121859613344781,-1.133432151726845,4.323659925633237,917736.895272725,921422.7053216007,341730.58807795565,333693.6631952043,1500847.5489814626,15.70906639551486,10.0,16.234184281051363,1.0,51.0,5817.609759329412,6102.201066281032,1010.2997731593009,3900.5114482503623,7048.223255177111,1.548854685597334,1.6721786970681103,0.43780051523218544,0.7181045947440313,2.082125341344431,1.755
20,10,500,20210527Sbx_VBCSoilCores10_39um 3_0500.tif,NT,HM,NT-HM,2,1,50,10,True,-0.47300017911447484,-0.544759197873647,0.9606636377151568,-1.9397769700889154,1.1192017392912155,1.0332322499901159,0.24844114779694837,2.9721832353765834,-1.344573971526703,5.774003065324554,610940.7619588414,479800.68257427873,544558.2945023857,86924.5333737266,1545933.5316485344,13.021968625340214,8.0,13.976439946277669,1.0,43.0,5920.03020473373,6204.6761121959635,1051.3545761539435,3923.1226711517425,7114.492077412144,1.633200377595722,1.7597158784542641,0.46729163249847316,0.7456423619834963,2.164098374428477,1.95
21,10,500,20210527Sbx_VBCSoilCores10_39um 3_0500.tif,NT,HM,NT-HM,2,1,150,10,True,-0.4409873300841958,-0.41481122192611886,0.9016322538899066,-1.8514504478681302,1.017846690390244,1.0933475169068494,0.33771270677521614,2.4360707054515958,-1.1835463270810105,5.644715390585581,947765.7628327211,912242.0973587731,518609.3046572296,254279.7348916383,1890386.6881082023,13.021968625340214,8.0,13.976439946277669,1.0,43.0,5920.03020473373,6204.6761121959635,1051.3545761539435,3923.1226711517425,7114.492077412144,1.633200377595722,1.7597158784542641,0.46729163249847316,0.7456423619834963,2.164098374428477,1.95
22,10,550,20210527Sbx_VBCSoilCores10_39um 3_0550.tif,NT,HM,NT-HM,2,1,50,10,True,-0.5895826953925744,-0.6685144373838416,1.0397066875468914,-1.9653120693354116,0.8360322781259062,1.2667228758782756,0.17459118524913952,7.069561109522175,-1.3873826911608365,5.543818857554872,632432.1490412899,497081.24528497417,506814.6215688126,76788.91518975733,1582747.3529840917,3.951080796229642,2.0,4.971354948559479,0.0,14.0,5909.117381772471,6205.87007960807,1090.645310878659,3713.303493918768,7056.107443400207,1.64833321391854,1.7815583177413197,0.48963778875612457,0.6625375149460687,2.1632665950084973,2.145
23,10,550,20210527Sbx_VBCSoilCores10_39um 3_0550.tif,NT,HM,NT-HM,2,1,150,10,True,-0.3158614357045832,-0.5247159919674947,1.8148469619088432,-1.8082502779122718,1.0309528108095136,8.214609108277047,0.5698681380718513,40.80887441485439,-1.3592788735894397,7.020385322657657,913760.7257341293,907709.9620663747,556342.0704913363,205847.35000059733,1922973.8548906285,3.951080796229642,2.0,4.971354948559479,0.0,14.0,5909.117381772471,6205.87007960807,1090.645310878659,3713.303493918768,7056.107443400207,1.64833321391854,1.7815583177413197,0.48963778875612457,0.6625375149460687,2.1632665950084973,2.145
24,10,600,20210527Sbx_VBCSoilCores10_39um 3_0600.tif,NT,HM,NT-HM,2,1,50,10,True,-0.6329346607673703,-0.6763241649048302,0.8248777997543177,-1.8824783353267924,0.8144310025713674,0.8221526991157423,0.15685258144973013,2.8066934302783437,-1.4132146654549953,5.083456066901405,676635.1966590028,531845.8726851894,602564.6506342948,79745.42784775203,1655671.1858560697,13.393652590773865,8.0,14.955345766679605,1.0,45.0,5980.0302398682215,6305.9385533023105,1063.1574168168804,3737.2606168345915,7114.190887717737,1.6755329941234887,1.8217691805871727,0.477042406828092,0.669194514036324,2.1844347960784014,2.34
25,10,600,20210527Sbx_VBCSoilCores10_39um 3_0600.tif,NT,HM,NT-HM,2,1,150,10,True,-0.8990556075073357,-0.9392198763773796,0.5935112371518196,-1.8170498309002714,0.008889182578829074,1.067309807986537,0.8464741526520003,1.8719550810898395,-1.2636544246403147,4.491455791039742,855488.9916048561,830219.3977651969,425259.59911992925,253900.227290097,1510981.5327562473,13.393652590773865,8.0,14.955345766679605,1.0,45.0,5980.0302398682215,6305.9385533023105,1063.1574168168804,3737.2606168345915,7114.190887717737,1.6755329941234887,1.8217691805871727,0.477042406828092,0.669194514036324,2.1844347960784014,2.34
26,10,650,20210527Sbx_VBCSoilCores10_39um 3_0650.tif,NT,HM,NT-HM,2,1,50,10,True,-0.6791085512652719,-0.7822315202746435,1.0453172613723576,-2.0099504867959403,0.9293127048586288,1.664519534211544,0.5803038574035448,6.271218114906448,-1.3281102515553302,6.860219687262455,566093.6583962474,410414.8231227074,531001.552034426,68644.5062102014,1534444.299963899,4.0086107236985145,2.0,5.275063929604542,0.0,15.0,6064.875515768072,6321.054557104132,966.4793847116404,3954.052081172197,7175.107489116927,1.775428725291023,1.894431142915676,0.4489570370988906,0.7948914784279512,2.2911629097256694,2.5349999999999997
27,10,650,20210527Sbx_VBCSoilCores10_39um 3_0650.tif,NT,HM,NT-HM,2,1,150,10,True,-0.7991245747495026,-1.06031608446346,1.1655229737425843,-1.8528793655767035,0.9770772024659108,5.127240155408295,1.687869865736853,18.537050525066743,-0.9758098917564968,7.7051254801114855,711480.6636185258,625100.657677976,377303.9816991065,254218.30952046602,1434780.9732424852,4.0086107236985145,2.0,5.275063929604542,0.0,15.0,6064.875515768072,6321.054557104132,966.4793847116404,3954.052081172197,7175.107489116927,1.775428725291023,1.894431142915676,0.4489570370988906,0.7948914784279512,2.2911629097256694,2.5349999999999997
28,10,700,20210527Sbx_VBCSoilCores10_39um 3_0700.tif,NT,HM,NT-HM,2,1,50,10,True,-0.6831434945459209,-0.7403585876385133,1.0032787779009074,-2.2711087396932634,0.9975892493273819,1.6980416846864168,0.8180057823091005,3.294864109885674,-1.3480128109736418,8.120283883528485,520222.8736318177,331210.3116971395,534022.041019052,46756.85076906178,1638085.1960071628,9.885670460902928,5.0,11.86506629525298,1.0,35.0,6059.829239834533,6348.70261161618,1001.5822868955737,3999.8733192872896,7196.356200169591,1.6919536304571197,1.8201102200865078,0.4443447636937761,0.7780690313471981,2.196165626045596,2.73
29,10,700,20210527Sbx_VBCSoilCores10_39um 3_0700.tif,NT,HM,NT-HM,2,1,150,10,True,-1.098347872729481,-1.1622052412721497,0.7438378518306323,-2.1982092103293978,0.1879754829571439,2.691652111393407,2.0972283007866617,3.2602055357544253,-1.1190958708146201,8.127488174747917,670825.8732113207,474220.4644211133,481764.7266824838,153078.23994652298,1602874.3428963113,9.885670460902928,5.0,11.86506629525298,1.0,35.0,6059.829239834533,6348.70261161618,1001.5822868955737,3999.8733192872896,7196.356200169591,1.6919536304571197,1.8201102200865078,0.4443447636937761,0.7780690313471981,2.196165626045596,2.73
30,10,750,20210527Sbx_VBCSoilCores10_39um 3_0750.tif,NT,HM,NT-HM,2,1,50,10,True,-0.7346915208487779,-0.7636057309294131,0.9923524746020491,-2.279721612489538,0.9628479609702588,1.4305472716504706,0.3722620090675832,3.54526616392856,-1.4201644124443986,7.543935260426705,612167.9411291474,461067.8279089349,533411.2548694718,57282.6219555828,1626702.9455993224,8.236401385184045,4.0,10.115991748469064,0.0,30.0,6046.675625572024,6404.075451411449,1109.1058975522137,3648.157511589,7196.855944839286,1.7313321089325404,1.8953710212222694,0.5090559980584055,0.630463350530404,2.2592403922298687,2.925
31,10,750,20210527Sbx_VBCSoilCores10_39um 3_0750.tif,NT,HM,NT-HM,2,1,150,10,True,-0.8586352648708483,-0.9071409811178551,0.7392553407849148,-1.9673585788523815,0.42562714223504494,1.1572868450716884,0.30881168934002545,3.0675099737560423,-1.3189946289312406,6.649553573636525,962857.6746894713,914547.775808356,569920.4893234603,174191.79274537822,2051337.3295951085,8.236401385184045,4.0,10.115991748469064,0.0,30.0,6046.675625572024,6404.075451411449,1109.1058975522137,3648.157511589,7196.855944839286,1.7313321089325404,1.8953710212222694,0.5090559980584055,0.630463350530404,2.2592403922298687,2.925
32,10,800,20210527Sbx_VBCSoilCores10_39um 3_0800.tif,NT,HM,NT-HM,2,1,50,10,True,-0.6774521155116778,-0.6855486291383408,1.0181761038007608,-2.3279435189008124,0.9645808267476759,1.160707999372263,0.06070021056627706,3.3738144963316157,-1.4933123483691233,7.739759509158366,714363.3001320274,615668.7176288905,566573.521507433,64137.67669924347,1695550.8649742438,14.950493303743063,8.0,17.78074501329181,1.0,54.0,6083.428725000112,6431.863429211462,1070.5605828941127,3909.9315743237144,7251.675259936406,1.6886360184364533,1.8424526388921578,0.4725993388820924,0.7291449509670144,2.2043588545693025,3.1199999999999997
33,10,800,20210527Sbx_VBCSoilCores10_39um 3_0800.tif,NT,HM,NT-HM,2,1,150,10,True,-0.7460073758593806,-0.807772004949638,0.7116262688515441,-1.8311194944788844,0.4824702581842089,0.8282448699007064,0.4528920832230403,1.9711031774777523,-1.4553565950063276,4.971884260923009,975856.1286555968,838242.3069034807,511903.988134777,325175.6494458296,1998291.4874650403,14.950493303743063,8.0,17.78074501329181,1.0,54.0,6083.428725000112,6431.863429211462,1070.5605828941127,3909.9315743237144,7251.675259936406,1.6886360184364533,1.8424526388921578,0.4725993388820924,0.7291449509670144,2.2043588545693025,3.1199999999999997
34,10,850,20210527Sbx_VBCSoilCores10_39um 3_0850.tif,NT,HM,NT-HM,2,1,50,10,True,-0.8629771278947902,-0.919102353658499,1.1409947877223603,-2.489546543898786,0.8652751072551387,2.1224436671891933,0.7102629591960306,6.053367514655484,-1.5072776153957848,9.32616529780556,579895.2058123583,408064.3757924707,517965.9096430703,49012.42428782684,1602711.2214968363,4.222477502081422,2.0,5.76940444669816,0.0,17.0,6236.026343905719,6561.231222172383,990.517115507762,4054.01926930775,7249.901090673446,1.8027863954789365,1.9503434418485621,0.44943292585863154,0.8127320002269305,2.2628175113071696,3.315
35,10,850,20210527Sbx_VBCSoilCores10_39um 3_0850.tif,NT,HM,NT-HM,2,1,150,10,True,-1.0374564349050022,-1.112365180893432,0.9075890041910761,-2.3516503314158,0.5637838337383717,2.079532067735827,1.1418795263726866,3.5005840711104117,-1.3710515267954473,8.709924266890544,833179.9558524744,789531.1286361141,454334.75425793446,176178.8861036659,1584816.0249842138,4.222477502081422,2.0,5.76940444669816,0.0,17.0,6236.026343905719,6561.231222172383,990.517115507762,4054.01926930775,7249.901090673446,1.8027863954789365,1.9503434418485621,0.44943292585863154,0.8127320002269305,2.2628175113071696,3.315
36,10,900,20210527Sbx_VBCSoilCores10_39um 3_0900.tif,NT,HM,NT-HM,2,1,50,10,True,-1.0437187196984272,-1.079724793729083,1.0553445760700728,-2.610950660782889,0.8393184978382617,2.859911296336287,1.6010366170656116,4.672541053072061,-1.3090658912236413,10.992101574194743,370401.5760538538,197999.56980012555,428577.58033024764,28167.893386902302,1348465.7624341827,12.329494443840497,6.0,16.217125771075704,1.0,46.0,6318.771672348223,6566.71370873415,803.371066625319,4362.842614071534,7092.7816281307205,1.8449974100946491,1.9573539168677458,0.3640526955586506,0.958655748602853,2.195744932003188,3.51
37,10,900,20210527Sbx_VBCSoilCores10_39um 3_0900.tif,NT,HM,NT-HM,2,1,150,10,True,-1.5972275741338757,-1.579205027389793,0.6532758674057253,-2.7430681141610904,-0.5448577264078666,3.837197400907292,3.081366494638692,3.633389161700509,-0.6865333047391791,11.532156076071846,567534.0502997047,469075.9883643325,419421.8296237397,104336.11413841134,1398676.5282197453,12.329494443840497,6.0,16.217125771075704,1.0,46.0,6318.771672348223,6566.71370873415,803.371066625319,4362.842614071534,7092.7816281307205,1.8449974100946491,1.9573539168677458,0.3640526955586506,0.958655748602853,2.195744932003188,3.51
38,10,950,20210527Sbx_VBCSoilCores10_39um 3_0950.tif,NT,HM,NT-HM,2,1,50,10,True,-0.9862266696068794,-1.0221259205073094,0.9999447986156642,-2.5485587560882226,0.6536989763577594,2.2208597315818532,1.0914117006920776,4.042197972431445,-1.40063577419559,9.649878707733059,474368.67918409087,291252.12899854814,475551.892193392,34825.048118784805,1491058.9637442278,7.910579722441707,4.0,10.576033837388858,0.0,31.0,6310.939341908451,6619.765423837535,895.6648747906981,4169.66533015106,7171.850203676622,1.8270978890166023,1.9658499374373786,0.4024120479056056,0.8650478137585964,2.2138953538934816,3.7049999999999996
39,10,950,20210527Sbx_VBCSoilCores10_39um 3_0950.tif,NT,HM,NT-HM,2,1,150,10,True,-1.339603003099422,-1.344042481326964,0.5466109459205868,-2.2685907061847876,-0.5018799138462399,2.3772169585568523,1.7535108131998447,3.228830534083753,-1.0934991038903883,9.523444796336783,706740.457283664,572556.0154128852,480257.53996051115,101846.56038757735,1596021.4501474884,7.910579722441707,4.0,10.576033837388858,0.0,31.0,6310.939341908451,6619.765423837535,895.6648747906981,4169.66533015106,7171.850203676622,1.8270978890166023,1.9658499374373786,0.4024120479056056,0.8650478137585964,2.2138953538934816,3.7049999999999996
40,10,1000,20210527Sbx_VBCSoilCores10_39um 3_1000.tif,NT,HM,NT-HM,2,1,50,10,True,-0.9524600452801746,-1.045823058591537,1.171883867622783,-2.6512797493181477,1.0261513565389144,3.194274347773025,1.7410484661464558,6.201697486761328,-1.251000762052003,11.340036292007653,370172.7262968811,200621.21884287216,398279.0967780438,32075.40206690704,1206012.0035574045,6.399351983688231,3.0,9.066729946845658,0.0,25.0,6450.708931574303,6639.858562765658,769.7391345385257,4656.952022552731,7239.36802834883,1.8759236290068841,1.9600662779384217,0.3424161567664807,1.0779762213715423,2.226756274508737,3.9
41,10,1000,20210527Sbx_VBCSoilCores10_39um 3_1000.tif,NT,HM,NT-HM,2,1,150,10,True,-1.4240117069724143,-1.48202945085681,0.7581455084753609,-2.6573490993649482,-0.07759217604474618,3.9838678746456697,3.223021869537736,3.589329383618778,-0.21410573630560326,10.469777792874293,544361.3218820627,474221.49612758314,349292.47050264635,119937.48030592909,1223065.8714067899,6.399351983688231,3.0,9.066729946845658,0.0,25.0,6450.708931574303,6639.858562765658,769.7391345385257,4656.952022552731,7239.36802834883,1.8759236290068841,1.9600662779384217,0.3424161567664807,1.0779762213715423,2.226756274508737,3.9
42,10,1050,20210527Sbx_VBCSoilCores10_39um 3_1050.tif,NT,HM,NT-HM,2,1,50,10,True,-0.8782373384973592,-1.0070516496130533,1.4308406669992755,-2.9040661342346863,1.6244061854059764,4.1354019303065135,2.0844466874658014,8.434529907573781,-1.047408580285204,14.640843191343107,286434.10541706893,135801.7270474125,387076.9544731152,17285.227194848656,1040210.5916865373,9.074181804683128,4.0,12.95728495070562,0.0,36.0,6577.536632225084,6738.5409791323455,672.2701207796102,5095.318610283033,7155.521019015271,1.9897135887086028,2.0632434218783424,0.30702220639048133,1.3127924622413893,2.2536759993625,4.095
43,10,1050,20210527Sbx_VBCSoilCores10_39um 3_1050.tif,NT,HM,NT-HM,2,1,150,10,True,-1.4356439372559233,-1.3806533717643754,1.0329073975674878,-3.101319579934062,0.25627156411441765,5.721903700286431,4.786120929464506,4.50621940542226,0.015110512108177978,14.668613650785003,384413.17890110397,342105.05249016656,263137.5539525754,63624.306868177155,895957.4504679649,9.074181804683128,4.0,12.95728495070562,0.0,36.0,6577.536632225084,6738.5409791323455,672.2701207796102,5095.318610283033,7155.521019015271,1.9897135887086028,2.0632434218783424,0.30702220639048133,1.3127924622413893,2.2536759993625,4.095
44,10,1100,20210527Sbx_VBCSoilCores10_39um 3_1100.tif,NT,HM,NT-HM,2,1,50,10,True,-0.8888436332205704,-0.9903199000522217,1.1790187087209762,-2.57374100546069,1.3727950517212413,3.0700565729721263,1.9116447794048481,4.379548184784154,-1.2121520942838577,10.779533099550404,276936.4193865272,97326.81608260043,468403.0944001442,13185.478754402524,1110507.5435722757,9.062398334913134,4.0,13.209600919486881,0.0,36.0,6605.86660522846,6752.484077334902,752.6202682187843,4930.423984043903,7288.786537203277,1.962163593248966,2.028097914228202,0.33845561260386203,1.2087119753730629,2.2692747536791202,4.29
45,10,1100,20210527Sbx_VBCSoilCores10_39um 3_1100.tif,NT,HM,NT-HM,2,1,150,10,True,-1.0741057289182068,-1.3816562732849242,1.3967192623941305,-2.810923528147528,1.9270331830431586,6.214126592462666,5.400615144425377,4.90813694221151,-0.42980619007775067,15.9296753416098,343530.874749371,208380.33942569885,355401.0685724704,44255.4055363238,1111137.3671727253,9.062398334913134,4.0,13.209600919486881,0.0,36.0,6605.86660522846,6752.484077334902,752.6202682187843,4930.423984043903,7288.786537203277,1.962163593248966,2.028097914228202,0.33845561260386203,1.2087119753730629,2.2692747536791202,4.29
46,10,1150,20210527Sbx_VBCSoilCores10_39um 3_1150.tif,NT,HM,NT-HM,2,1,50,10,True,-1.115747733491521,-1.150803056778311,1.3256217082823119,-3.1259801020850455,1.0729973055992816,4.176945474283903,2.3535623238885,6.110581051012197,-1.1539177327843286,15.855012373130911,251906.9190029373,86050.56532789386,378103.5225721611,14811.344272051476,1169773.165588016,10.30569970169042,5.0,15.616550614495646,1.0,41.0,6607.135429825322,6746.403067143026,735.9396556452831,5005.295639842848,7262.29863783614,1.9870499362508465,2.0505425032273834,0.335517272904919,1.2567659872302328,2.2857409650236984,4.484999999999999
47,10,1150,20210527Sbx_VBCSoilCores10_39um 3_1150.tif,NT,HM,NT-HM,2,1,150,10,True,-1.821150810240969,-1.9313850013308107,1.2195046211218405,-3.6497029989347056,-0.03280055796779748,8.465014156564006,7.660499728631334,8.03665113754695,-1.1015344563866198,20.949259944503353,392489.36972760194,170983.18546341074,478757.1035933271,70211.65708677568,1547699.8392383568,10.30569970169042,5.0,15.616550614495646,1.0,41.0,6607.135429825322,6746.403067143026,735.9396556452831,5005.295639842848,7262.29863783614,1.9870499362508465,2.0505425032273834,0.335517272904919,1.2567659872302328,2.2857409650236984,4.484999999999999
48,10,1200,20210527Sbx_VBCSoilCores10_39um 3_1200.tif,NT,HM,NT-HM,2,1,50,10,True,-0.9018346291170188,-0.9543105908923943,1.5285637116102595,-3.021705444510723,1.3682926246123628,4.479172886521273,2.0528963144782675,11.836202211910134,-1.2292951902067244,14.353045690889342,236519.40143256282,76356.28724235052,378305.33591506263,11583.453843576173,1168047.3940904501,4.867524936763232,2.0,7.973109602539893,0.0,20.0,6566.279259748195,6720.432635508655,751.181858525675,4906.700997645464,7195.829389274662,1.9642009534773004,2.0342486240680464,0.3413388718876663,1.2100845363060275,2.2502700705231478,4.68
49,10,1200,20210527Sbx_VBCSoilCores10_39um 3_1200.tif,NT,HM,NT-HM,2,1,150,10,True,-1.5930043510692768,-1.8112678500643642,1.3174050896799632,-3.1810478902677954,0.20871487181997742,9.578666972042976,5.602067757364608,17.775273525346766,-0.7621180067273412,24.526852563080386,344558.0160691617,181136.3859274144,402754.4119919865,58382.59287376434,1442208.056984298,4.867524936763232,2.0,7.973109602539893,0.0,20.0,6566.279259748195,6720.432635508655,751.181858525675,4906.700997645464,7195.829389274662,1.9642009534773004,2.0342486240680464,0.3413388718876663,1.2100845363060275,2.2502700705231478,4.68
50,10,1250,20210527Sbx_VBCSoilCores10_39um 3_1250.tif,NT,HM,NT-HM,2,1,50,10,True,-0.9349409808075655,-1.019503132475052,1.5071521956025724,-2.9533791219772394,1.5274722972196748,4.703530860558297,2.1356522140811003,9.599206877288308,-1.2659257392471095,17.08644476713676,237795.38939177035,78191.81693230732,325371.6598398451,10742.734912110038,999868.0720449723,4.878689528718763,2.0,8.26733404072686,0.0,22.0,6593.671057484335,6771.551150449828,676.3867621216071,4941.769973581551,7208.401785434687,1.9252436860678461,2.0043565421934915,0.3008256163178323,1.190554319731894,2.198647543832772,4.875
51,10,1250,20210527Sbx_VBCSoilCores10_39um 3_1250.tif,NT,HM,NT-HM,2,1,150,10,True,-1.580277298432386,-1.5750565764742503,1.1924067083511491,-3.4382814794323076,0.5491378581605613,8.199735123872081,6.14131612931824,8.323859860184449,-0.1182646939496306,21.931042841544695,330323.73751013685,193449.46585065487,319000.73787487904,43231.49961061831,1050380.429985061,4.878689528718763,2.0,8.26733404072686,0.0,22.0,6593.671057484335,6771.551150449828,676.3867621216071,4941.769973581551,7208.401785434687,1.9252436860678461,2.0043565421934915,0.3008256163178323,1.190554319731894,2.198647543832772,4.875
52,10,1300,20210527Sbx_VBCSoilCores10_39um 3_1300.tif,NT,HM,NT-HM,2,1,50,10,True,-1.0718406987228979,-1.0452358095899181,1.3606197641970519,-3.3033338020201213,1.2895149541819366,4.5072091228909645,2.397012159497014,6.6614177120606275,-1.3464616900760191,16.428432781798325,256900.67000806244,55115.97516700461,443510.6989365571,10750.701587338152,1427520.8491805696,8.430386912455837,4.0,14.046889448434463,0.0,36.0,6607.854625844177,6832.719179307233,799.262438110346,4430.9224400188195,7267.5883822612905,1.951995032020097,2.053078350453428,0.35929228639667365,0.9733991352519359,2.2485650176140473,5.069999999999999
53,10,1300,20210527Sbx_VBCSoilCores10_39um 3_1300.tif,NT,HM,NT-HM,2,1,150,10,True,-1.7812136200458148,-1.8641316091657731,1.5797323195570003,-3.9069394107204762,1.0294076860320251,9.228932507695824,7.057989266619085,7.8622649182072175,0.7779709031976197,26.756583985891574,343961.8920084145,187997.9240391564,374485.7364010112,33875.46617804739,1189381.2516913896,8.430386912455837,4.0,14.046889448434463,0.0,36.0,6607.854625844177,6832.719179307233,799.262438110346,4430.9224400188195,7267.5883822612905,1.951995032020097,2.053078350453428,0.35929228639667365,0.9733991352519359,2.2485650176140473,5.069999999999999
54,10,1350,20210527Sbx_VBCSoilCores10_39um 3_1350.tif,NT,HM,NT-HM,2,1,50,10,True,-0.9842311831849716,-0.9868474203267381,1.329628234225729,-3.1516104452029374,1.244959372243061,4.3253714262714595,2.291383215381443,6.13306400848293,-0.9198103491124038,16.454599452684096,129749.41581134738,33758.899341463046,242337.97602490825,7763.046824179707,665313.3939893589,2.9626773465692007,1.0,5.392466936385077,0.0,12.0,6702.606778755901,6815.895291107921,550.9590894689766,5694.284943237919,7223.107196336617,2.0015391474714614,2.0523783896249808,0.24724786286503242,1.5490456253984295,2.235118406489086,5.265
55,10,1350,20210527Sbx_VBCSoilCores10_39um 3_1350.tif,NT,HM,NT-HM,2,1,150,10,True,-1.8062847519408225,-1.7739983790925824,1.049998396822966,-3.5665213635521034,-0.22892769579315364,9.15609757869029,7.514078710753837,7.134717079267812,0.7419714652888921,23.165084349287653,171738.7006826073,75386.144434633,227695.79889057734,25344.80506749293,656916.6216267248,2.9626773465692007,1.0,5.392466936385077,0.0,12.0,6702.606778755901,6815.895291107921,550.9590894689766,5694.284943237919,7223.107196336617,2.0015391474714614,2.0523783896249808,0.24724786286503242,1.5490456253984295,2.235118406489086,5.265
56,10,1400,20210527Sbx_VBCSoilCores10_39um 3_1400.tif,NT,HM,NT-HM,2,1,50,10,True,-0.6731154386578968,-0.7554410882910493,1.7550221232341752,-3.366600802221503,2.413776584016195,5.960378274344644,2.8660834045013663,10.611151234861168,-0.4835362838992334,20.114984404238104,67030.2038490748,24193.82281414835,158054.2063870831,6788.18939712694,263290.21872191544,2.4151505710630454,1.0,4.795446468118838,0.0,9.0,6879.799298056873,6910.162358854129,366.29745411684274,6418.927633726615,7274.309795653693,2.072579014799608,2.086148440192928,0.16370042561225154,1.8666128341571828,2.2488880107788702,5.46
57,10,1400,20210527Sbx_VBCSoilCores10_39um 3_1400.tif,NT,HM,NT-HM,2,1,150,10,True,-0.9751239224561747,-1.2349320661208285,2.284055622060487,-4.010297963142766,3.2685557235391802,16.517746936942224,13.489372395282754,12.36105290508252,2.0960826960863725,40.0886319655683,81748.0833685619,53066.15882256714,76832.67487827392,25648.30825201868,265373.26634989475,2.4151505710630454,1.0,4.795446468118838,0.0,9.0,6879.799298056873,6910.162358854129,366.29745411684274,6418.927633726615,7274.309795653693,2.072579014799608,2.086148440192928,0.16370042561225154,1.8666128341571828,2.2488880107788702,5.46
58,10,1450,20210527Sbx_VBCSoilCores10_39um 3_1450.tif,NT,HM,NT-HM,2,1,50,10,True,-0.652439561829997,-0.7066785837309023,1.615896075282095,-2.9592829443886406,1.8370113618081574,4.957448890185712,2.499834675428634,12.621592159489344,-0.5739515324773076,15.478697918702668,72440.8118906944,22857.208414044908,222820.03907204527,7375.020180303931,249008.9343290765,0.650392352084126,0.0,2.2023339244037907,0.0,3.0,6916.742757303479,6928.77984658344,371.9307618537308,6465.8202422880095,7323.341994644369,2.0846996660608945,2.0900756396761584,0.1661107528511416,1.8833098211515158,2.266293963576831,5.654999999999999
59,10,1450,20210527Sbx_VBCSoilCores10_39um 3_1450.tif,NT,HM,NT-HM,2,1,150,10,True,-0.6730788756176972,-1.305839913149217,4.543854266436406,-4.197261344502542,3.0231122139458426,33.32607490720482,10.475224549100279,132.0787642804348,0.664732548589028,37.86617754203089,87597.93745359185,45913.41039355303,142719.68149134814,24576.667228735012,320022.3635066745,0.650392352084126,0.0,2.2023339244037907,0.0,3.0,6916.742757303479,6928.77984658344,371.9307618537308,6465.8202422880095,7323.341994644369,2.0846996660608945,2.0900756396761584,0.1661107528511416,1.8833098211515158,2.266293963576831,5.654999999999999
60,10,1500,20210527Sbx_VBCSoilCores10_39um 3_1500.tif,NT,HM,NT-HM,2,1,50,10,True,-0.6472556663196078,-0.6463197142189921,1.5097879212202003,-3.199357207661921,1.941160751049676,4.556813708182925,2.230613069546245,7.208627601242011,-0.6951389112249255,18.631501542124752,53800.82469109394,22395.477534463746,132696.19198102984,6373.0150830899765,172020.51898548673,5.195068599208017,3.0,8.361185047208247,0.0,17.0,6919.516928443044,6937.105823446323,323.6980440567955,6474.698265843861,7353.224943177828,2.1003873313468784,2.1082925221244757,0.1454835447097178,1.9004670754907427,2.2953139937445046,5.85
61,10,1500,20210527Sbx_VBCSoilCores10_39um 3_1500.tif,NT,HM,NT-HM,2,1,150,10,True,-1.3762382972916725,-1.2605267007639815,1.72791127174988,-4.050083056719293,2.1043708183949104,12.809791646135782,8.191129364570315,11.787397302928072,1.1266871321983918,37.345958060928034,84333.05525147333,45322.812951536594,141608.36597135884,22950.290244051364,380606.60396335257,5.195068599208017,3.0,8.361185047208247,0.0,17.0,6919.516928443044,6937.105823446323,323.6980440567955,6474.698265843861,7353.224943177828,2.1003873313468784,2.1082925221244757,0.1454835447097178,1.9004670754907427,2.2953139937445046,5.85
62,10,1550,20210527Sbx_VBCSoilCores10_39um 3_1550.tif,NT,HM,NT-HM,2,1,50,10,True,-0.6912991592477203,-0.7665027969469562,1.5670913795973143,-3.016236683207859,2.0359693344118965,5.071614110277378,2.7580171097692565,8.60795558060916,-0.6924621127938926,17.547185111858145,93008.59443337047,27718.210989926552,311276.2189062113,7433.1904783630725,214531.5338167979,4.618493025376969,2.0,8.464461952678548,0.0,16.0,6874.6512759753205,6947.961856488368,557.1951087894832,6303.369110860921,7380.652936273565,2.0864218488229267,2.1195115324883824,0.2514972567500267,1.8285662160471363,2.314812277002452,6.045
63,10,1550,20210527Sbx_VBCSoilCores10_39um 3_1550.tif,NT,HM,NT-HM,2,1,150,10,True,-1.2348232304416011,-1.2564018388846638,1.579986578108483,-3.7258090038993497,1.1561542739020438,11.539701079269786,7.651732814396976,13.511252110467035,1.662945765997375,34.356577305919934,141621.79654430904,57688.30806609953,353070.38557972794,27480.748088933433,541913.3974576117,4.618493025376969,2.0,8.464461952678548,0.0,16.0,6874.6512759753205,6947.961856488368,557.1951087894832,6303.369110860921,7380.652936273565,2.0864218488229267,2.1195115324883824,0.2514972567500267,1.8285662160471363,2.314812277002452,6.045
64,10,1600,20210527Sbx_VBCSoilCores10_39um 3_1600.tif,NT,HM,NT-HM,2,1,50,10,True,-1.0244513333985583,-0.9928774853015018,1.4560520309869192,-3.3874371061860464,1.39922363945388,5.343019385811124,2.8579067377189977,8.00436465161393,-0.7390015573099051,19.81173305976583,111804.9927502918,26559.80426377959,309337.88825643586,6520.860150609457,539843.4944837032,5.130714162612189,3.0,9.167725947502396,0.0,18.0,6895.4272493832705,6946.5242537874565,442.6400162878701,6389.21036797182,7356.163702445192,2.094728598621818,2.1177741951713474,0.19963798956503542,1.8664163883151483,2.3025283813436492,6.239999999999999
65,10,1600,20210527Sbx_VBCSoilCores10_39um 3_1600.tif,NT,HM,NT-HM,2,1,150,10,True,-1.8592151903566427,-1.77857015578619,1.0562914448926202,-3.5655304837518615,-0.355459416662568,9.81959177897245,8.455678050419799,8.281317468895264,-0.08466787240437712,27.014370863651916,285437.66658784164,59319.176690331566,619023.2905749492,23634.384792222205,1703146.5890771938,5.130714162612189,3.0,9.167725947502396,0.0,18.0,6895.4272493832705,6946.5242537874565,442.6400162878701,6389.21036797182,7356.163702445192,2.094728598621818,2.1177741951713474,0.19963798956503542,1.8664163883151483,2.3025283813436492,6.239999999999999
66,10,1650,20210527Sbx_VBCSoilCores10_39um 3_1650.tif,NT,HM,NT-HM,2,1,50,10,True,-0.8624550266367643,-0.8848759929660126,1.5095887517378668,-3.1538168227699237,1.7326064546788948,4.694948086221514,2.4539306848609534,7.635941247510929,-0.8466534827248517,16.420209590198485,130543.60711602269,29008.88013252009,308861.5579829324,6738.300842813642,847123.0517593302,2.221773808639946,1.0,4.881602368980191,0.0,9.0,6830.864585218823,6909.60841441169,524.7512353065188,6230.986127685807,7273.953014861226,2.044261680709126,2.079416941432404,0.2342757099972668,1.776445347759435,2.2420789500394465,6.435
67,10,1650,20210527Sbx_VBCSoilCores10_39um 3_1650.tif,NT,HM,NT-HM,2,1,150,10,True,-1.0352468651486972,-1.8571960269388996,3.929328646105536,-4.052966489920015,2.9404637832667775,25.95829449799686,8.975175047258515,68.82766933164699,-0.7226324290998553,54.60506519559343,230719.1984155915,71378.54942427578,405241.15969042,26169.29896152247,1387606.0825391496,2.221773808639946,1.0,4.881602368980191,0.0,9.0,6830.864585218823,6909.60841441169,524.7512353065188,6230.986127685807,7273.953014861226,2.044261680709126,2.079416941432404,0.2342757099972668,1.776445347759435,2.2420789500394465,6.435
68,10,1700,20210527Sbx_VBCSoilCores10_39um 3_1700.tif,NT,HM,NT-HM,2,1,50,10,True,-0.8237282810199013,-0.8064330840043092,1.599209602882602,-3.4468772243200303,1.7876144282939317,5.389036189584963,2.473764971748327,8.97602071363556,-0.4700957313332701,20.92151517845255,36185.587360281366,21928.210388979587,46039.83385626884,6741.437462847593,111978.5575907025,2.086652162326634,1.0,3.7791172295459243,0.0,7.0,6883.955698241436,6899.438881087304,273.59423899493083,6487.200799537717,7243.2061253089005,2.0748893766128202,2.0818233954820977,0.12252697876152838,1.8972058872762494,2.235776790065194,6.63
69,10,1700,20210527Sbx_VBCSoilCores10_39um 3_1700.tif,NT,HM,NT-HM,2,1,150,10,True,-1.5292517622643291,-1.5296195093031928,1.4293205261491273,-3.8851610734368855,0.9547234791202871,11.94905641160698,9.098049782050015,9.676769415962669,0.9388860496313354,31.628116773675895,48427.16980890228,42171.19346761782,25475.538098359866,22513.552190426202,88895.36246559113,2.086652162326634,1.0,3.7791172295459243,0.0,7.0,6883.955698241436,6899.438881087304,273.59423899493083,6487.200799537717,7243.2061253089005,2.0748893766128202,2.0818233954820977,0.12252697876152838,1.8972058872762494,2.235776790065194,6.63
70,10,1750,20210527Sbx_VBCSoilCores10_39um 3_1750.tif,NT,HM,NT-HM,2,1,50,10,True,-0.6483748921562098,-0.7477159139077356,1.8090034458678748,-3.268201584594376,2.305525135445612,6.497076953523135,3.011850031019991,12.345285123968974,-0.5917012080668673,22.95220479674696,64462.22291226859,23322.889293522865,184007.3947323883,6341.505140453523,214877.6459254824,3.2306216683083457,2.0,6.19883957871093,0.0,11.0,6879.840509965248,6904.443608294166,427.70858022020235,6446.231235749675,7286.026566881075,2.076805310495341,2.0878318979002644,0.19168992378860622,1.8824708206760739,2.258849295336849,6.824999999999999
71,10,1750,20210527Sbx_VBCSoilCores10_39um 3_1750.tif,NT,HM,NT-HM,2,1,150,10,True,-0.9391094686965311,-1.1004503887008181,2.050875636503717,-3.97493139941232,2.5038736009572786,16.322453885671102,8.465070984203606,27.917981614205814,1.4077198531046322,52.94302395933789,71780.32562791482,41942.44863459749,122010.18015573267,22005.51453792902,167063.3090380932,3.2306216683083457,2.0,6.19883957871093,0.0,11.0,6879.840509965248,6904.443608294166,427.70858022020235,6446.231235749675,7286.026566881075,2.076805310495341,2.0878318979002644,0.19168992378860622,1.8824708206760739,2.258849295336849,6.824999999999999
72,10,1800,20210527Sbx_VBCSoilCores10_39um 3_1800.tif,NT,HM,NT-HM,2,1,50,10,True,-0.7511715822255862,-0.8434899645777933,1.7592207462673823,-3.1994484012779183,2.2233598655707794,5.863646774505406,2.924206265409947,10.900541662143027,-0.5914248273308018,19.694252565667913,92919.30631693684,23092.69230361844,222865.45172836006,5957.778478816006,431414.42767356074,1.793274788677124,1.0,4.246544408095122,0.0,7.0,6855.28826790997,6910.24523327515,491.96675850291564,6362.762656300268,7273.455132590525,2.0674166379508723,2.0921220832881375,0.22115955237307008,1.8460058578255136,2.2554000636835956,7.02
73,10,1800,20210527Sbx_VBCSoilCores10_39um 3_1800.tif,NT,HM,NT-HM,2,1,150,10,True,-1.385312212925351,-1.5910731833024536,2.404396468326725,-4.465596622409203,1.8854132902264744,15.023940956428039,9.144993445988067,30.623411994294525,1.17459651966921,35.32605793525835,163183.10035211602,72616.65211985423,314577.2820813069,19745.50387030733,433746.8302950636,1.793274788677124,1.0,4.246544408095122,0.0,7.0,6855.28826790997,6910.24523327515,491.96675850291564,6362.762656300268,7273.455132590525,2.0674166379508723,2.0921220832881375,0.22115955237307008,1.8460058578255136,2.2554000636835956,7.02
74,10,1850,20210527Sbx_VBCSoilCores10_39um 3_1850.tif,NT,HM,NT-HM,2,1,50,10,True,-0.9121224982914979,-0.8646118721054158,1.5765685462696026,-3.5495260249464846,1.8902919308581323,5.717760170084312,3.1539558907510843,7.60185288506296,-0.48729487566687113,20.62125720962598,85530.34113995325,20645.390475456268,217763.9729748259,5160.863711266769,435068.6689782304,3.975302193504596,2.0,7.521674150231262,0.0,15.0,6851.92088887151,6894.590619687013,395.86354685231123,6389.209594111094,7243.721774363605,2.0853175298323965,2.104683297267333,0.1796636922191704,1.875314814732225,2.2631373727100024,7.215
75,10,1850,20210527Sbx_VBCSoilCores10_39um 3_1850.tif,NT,HM,NT-HM,2,1,150,10,True,-1.9264031039328542,-2.018957211038841,1.6586708193863449,-4.649898501482664,1.2182015377989948,14.254325369358753,11.642373783016456,10.164698190925282,3.1200529076727554,35.49888821309772,123263.52111013985,48085.83966077956,203866.36204946012,18678.170115124234,664915.8963395639,3.975302193504596,2.0,7.521674150231262,0.0,15.0,6851.92088887151,6894.590619687013,395.86354685231123,6389.209594111094,7243.721774363605,2.0853175298323965,2.104683297267333,0.1796636922191704,1.875314814732225,2.2631373727100024,7.215
76,10,1900,20210527Sbx_VBCSoilCores10_39um 3_1900.tif,NT,HM,NT-HM,2,1,50,10,True,-0.8281147368033805,-0.8992050924253026,1.7358455893128832,-3.38375826404322,2.2943495231702893,6.390726517247451,3.6740398827482394,9.935419454342076,-0.1666732548302808,21.24202787294695,69324.51273466903,20657.557363675933,444529.7403701836,6413.900282758453,155706.10165769607,1.6236349872795464,1.0,4.272507079940615,0.0,6.0,6884.6457031062355,6891.803758591075,325.1198426273736,6503.4999738975575,7243.9090036793705,2.083935556865518,2.087157045848486,0.146320462783038,1.9124005959879973,2.2456223120509637,7.409999999999999
77,10,1900,20210527Sbx_VBCSoilCores10_39um 3_1900.tif,NT,HM,NT-HM,2,1,150,10,True,-0.6584322668936368,-1.1406697954351532,3.267390981424853,-4.1694945430470485,9.908425785712403,20.328416497445566,11.890585535363828,32.83751580844464,2.5715941672943208,108.40512303798279,98150.71099605519,44918.00717675644,200113.78051034984,22572.731438613693,414094.76448378555,1.6236349872795464,1.0,4.272507079940615,0.0,6.0,6884.6457031062355,6891.803758591075,325.1198426273736,6503.4999738975575,7243.9090036793705,2.083935556865518,2.087157045848486,0.146320462783038,1.9124005959879973,2.2456223120509637,7.409999999999999
78,10,1950,20210527Sbx_VBCSoilCores10_39um 3_1950.tif,NT,HM,NT-HM,2,1,50,10,True,-0.5262292400172554,-0.7508604307273489,1.9691149836761301,-3.136983471431037,2.989016788468662,6.907062869090936,3.0250472117371645,14.691440992307339,-0.5029346496159004,24.148599308371434,71998.15391620265,23619.63526825788,150881.62965565137,5317.959876616908,330009.03476664034,3.0096790187614673,1.0,5.872797463027202,0.0,11.0,6843.9722036863695,6870.453121630825,373.13182774374985,6402.647666135611,7234.199738725912,2.063290771095091,2.0751351593596463,0.16689445021996732,1.8658950771697325,2.237831791395948,7.6049999999999995
79,10,1950,20210527Sbx_VBCSoilCores10_39um 3_1950.tif,NT,HM,NT-HM,2,1,150,10,True,-0.20704294945545218,-0.7721076882373124,2.8611407156528283,-2.889925288818301,4.08419970933183,24.486565309305487,8.676407952522226,64.93511116216985,2.0696542288612125,54.330608113268426,65260.259139563146,44084.42560752289,58741.39286484997,21094.685054290796,171964.20914132238,3.0096790187614673,1.0,5.872797463027202,0.0,11.0,6843.9722036863695,6870.453121630825,373.13182774374985,6402.647666135611,7234.199738725912,2.063290771095091,2.0751351593596463,0.16689445021996732,1.8658950771697325,2.237831791395948,7.6049999999999995
80,10,2000,20210527Sbx_VBCSoilCores10_39um 3_2000.tif,NT,HM,NT-HM,2,1,50,10,True,-0.9089509326496641,-0.9162395094231331,1.6681633592220149,-3.555035860876874,2.2480047823380573,6.058144547075032,3.516411726167763,7.993698170429294,-0.32826367184536154,21.143816215812706,62026.93548005566,22170.236216016947,153092.11398757988,5393.498089366014,214917.98186906998,1.9937067062621388,1.0,3.780722152720122,0.0,8.0,6901.550677522806,6935.103216755027,335.5007007347711,6485.524907645215,7264.881307111651,2.094599453071985,2.1097933509374873,0.15192779734159548,1.906206765019714,2.2591297271944417,7.8
81,10,2000,20210527Sbx_VBCSoilCores10_39um 3_2000.tif,NT,HM,NT-HM,2,1,150,10,True,-1.4484603654727153,-1.571665993778391,1.7744597333356495,-4.1075943891236495,1.9553475629459367,12.807782278173699,12.072291015033514,7.430383095408398,2.714955469045263,25.41817996239237,99381.15017055663,53049.182534914406,210590.59214407913,18403.76959039979,254850.90262214158,1.9937067062621388,1.0,3.780722152720122,0.0,8.0,6901.550677522806,6935.103216755027,335.5007007347711,6485.524907645215,7264.881307111651,2.094599453071985,2.1097933509374873,0.15192779734159548,1.906206765019714,2.2591297271944417,7.8
82,10,2050,20210527Sbx_VBCSoilCores10_39um 3_2050.tif,NT,HM,NT-HM,2,1,50,10,True,-0.5861901615980172,-0.8283300462135273,1.7934202084708848,-3.0853773874110635,2.4978567701705185,5.873665174386708,3.1675566988107544,10.576750293428933,-0.6877651444914079,19.812370036937974,105031.04030003227,29929.660027828217,220938.75837728375,6022.6587309482475,550838.4443629329,5.743700186130864,3.0,9.829560905788965,0.0,22.0,6855.945254405345,6898.4872993575555,470.5848240189625,6257.280290171355,7313.9953041498,2.070763896847457,2.089845982747264,0.2110791816698722,1.8022348149579783,2.276220649230972,7.994999999999999
83,10,2050,20210527Sbx_VBCSoilCores10_39um 3_2050.tif,NT,HM,NT-HM,2,1,150,10,True,-0.45427703508366446,-0.8877839697298883,2.162356761538688,-3.583482056145969,3.305486776110902,12.818224622424117,10.089490398367476,11.598142163088983,3.3502574427695837,31.03371592699923,119937.42687575943,70146.82367548585,162192.17991823467,23256.88042447531,437334.519782757,5.743700186130864,3.0,9.829560905788965,0.0,22.0,6855.945254405345,6898.4872993575555,470.5848240189625,6257.280290171355,7313.9953041498,2.070763896847457,2.089845982747264,0.2110791816698722,1.8022348149579783,2.276220649230972,7.994999999999999
84,10,2100,20210527Sbx_VBCSoilCores10_39um 3_2100.tif,NT,HM,NT-HM,2,1,50,10,True,-0.798777352827425,-0.8829765049763466,1.5735570256366058,-3.2260585414197345,2.007182765875056,5.007328621610206,3.1014661465783098,6.43166517384359,-0.6839429798502334,17.51221656629069,85269.16168846126,30972.639480293386,193375.89516741736,6558.0240168230985,329429.5799630649,4.772465743254709,3.0,7.859951499308135,0.0,17.0,6874.8286856521645,6895.122706461376,375.8359057951003,6360.169162064385,7265.485364380725,2.0572031581197874,2.0662215487932443,0.16701643599548655,1.8284953682163179,2.2308057468374525,8.19
85,10,2100,20210527Sbx_VBCSoilCores10_39um 3_2100.tif,NT,HM,NT-HM,2,1,150,10,True,-1.155021959770247,-1.3539045513721981,1.9198982519829324,-4.431558536665451,2.2654219023688347,11.548381416948985,8.930896349528378,8.972478551937735,2.8012901192455733,28.968826940061255,119495.01939771748,68401.04146525808,153666.1493399857,21958.618185053965,331466.73005824734,4.772465743254709,3.0,7.859951499308135,0.0,17.0,6874.8286856521645,6895.122706461376,375.8359057951003,6360.169162064385,7265.485364380725,2.0572031581197874,2.0662215487932443,0.16701643599548655,1.8284953682163179,2.2308057468374525,8.19
86,10,2150,20210527Sbx_VBCSoilCores10_39um 3_2150.tif,NT,HM,NT-HM,2,1,50,10,True,-0.7966079819112156,-0.8814566686128492,1.8493007306200913,-3.4329057417480637,2.4295444899176903,6.430218044375797,3.33839331371481,12.103877602254506,-0.7389310950244627,21.283791926540957,87304.58933357064,27926.925844189558,175888.98642815105,5885.465470870959,389456.78861977305,0.8508162340021053,0.0,2.28553545451782,0.0,4.0,6916.289424024354,6955.186168923488,383.48856177366247,6326.565469455784,7307.012969169126,2.0460203789336644,2.063094897823932,0.16834011969860052,1.7871490304844306,2.2175364420321846,8.385
87,10,2150,20210527Sbx_VBCSoilCores10_39um 3_2150.tif,NT,HM,NT-HM,2,1,150,10,True,-0.6210023173436814,-1.4025853581186196,3.2361810167113427,-3.622216324575927,7.338338242819865,22.179006600841998,8.661742224474251,46.50242211416816,1.1846048835677325,110.61819701795187,124188.95319779943,71669.92856784535,133980.41244235908,22286.91267971212,391366.846932383,0.8508162340021053,0.0,2.28553545451782,0.0,4.0,6916.289424024354,6955.186168923488,383.48856177366247,6326.565469455784,7307.012969169126,2.0460203789336644,2.063094897823932,0.16834011969860052,1.7871490304844306,2.2175364420321846,8.385
88,10,2200,20210527Sbx_VBCSoilCores10_39um 3_2200.tif,NT,HM,NT-HM,2,1,50,10,True,-0.7646362690627243,-0.9519023350583625,1.717190572073037,-3.069114710466405,2.520705471387542,5.846604108327562,3.132152983225607,10.651799279066617,-0.38185066285851466,18.58052278165905,41512.831651930865,21446.11819474026,64856.91900415702,6006.382241533253,138427.6074789588,2.9091022379422755,2.0,5.022640448907472,0.0,10.0,6890.684566136474,6906.7553656917835,277.89649070092054,6499.1655774309365,7249.929940043574,2.088294411638649,2.0955032959842432,0.12465612893837971,1.9126705978409166,2.249441238420551,8.58
89,10,2200,20210527Sbx_VBCSoilCores10_39um 3_2200.tif,NT,HM,NT-HM,2,1,150,10,True,-1.6111145931794337,-1.5704872705285426,1.8481201949738781,-4.6810589286845055,2.215311189632133,14.19901835977375,9.468522489196397,12.906233651658592,2.0062913511839167,40.33079877020406,50434.385522763565,41621.244571089795,31187.844489081417,19316.286961984235,117451.75640650062,2.9091022379422755,2.0,5.022640448907472,0.0,10.0,6890.684566136474,6906.7553656917835,277.89649070092054,6499.1655774309365,7249.929940043574,2.088294411638649,2.0955032959842432,0.12465612893837971,1.9126705978409166,2.249441238420551,8.58
90,10,2250,20210527Sbx_VBCSoilCores10_39um 3_2250.tif,NT,HM,NT-HM,2,1,50,10,True,-0.8373245197252427,-0.8861505840541866,1.565788646221023,-3.112487866582639,2.066616060768707,5.456135376429985,3.05449514166938,8.197327582129603,-0.47152750373507796,19.162762869127956,43614.11005933666,20811.319700015203,84270.18308005959,5308.324591260747,152656.3639301795,4.218658521064019,2.0,7.206471013610114,0.0,14.0,6920.076364586956,6943.196367848372,297.32114283599054,6489.536322084476,7309.156097951312,2.094815024688117,2.105127922643642,0.13262293138188658,1.902768532570809,2.2683677504978923,8.775
91,10,2250,20210527Sbx_VBCSoilCores10_39um 3_2250.tif,NT,HM,NT-HM,2,1,150,10,True,-1.0387827425009089,-1.2156402188591031,2.138747596339427,-3.8546050613495946,4.166195175016266,13.669988096188817,8.919514113740348,16.010857307631216,1.4169638002876124,44.199520288220526,62572.1517347899,43662.26253674546,51505.550525787155,20011.99006824625,169768.08508673703,4.218658521064019,2.0,7.206471013610114,0.0,14.0,6920.076364586956,6943.196367848372,297.32114283599054,6489.536322084476,7309.156097951312,2.094815024688117,2.105127922643642,0.13262293138188658,1.902768532570809,2.2683677504978923,8.775
92,10,2300,20210527Sbx_VBCSoilCores10_39um 3_2300.tif,NT,HM,NT-HM,2,1,50,10,True,-0.9375692791784247,-0.8837715074282041,1.6187331596364374,-3.4988071056117374,1.8589882401670537,5.695045861776421,2.495664962240385,9.483726404456979,-0.6757712932001192,21.328584675712467,103508.44436214461,22114.243994367047,285296.5892890528,5218.554802108114,557401.1176535066,2.963639183827146,1.0,6.028433598625228,0.0,11.0,7044.239523485659,7069.63556145559,400.74985381639726,6575.057272719126,7461.711669452757,2.100262633182131,2.111579039899935,0.17857306495038605,1.8911962748495694,2.286287106870184,8.969999999999999
93,10,2300,20210527Sbx_VBCSoilCores10_39um 3_2300.tif,NT,HM,NT-HM,2,1,150,10,True,-1.4457879954976853,-1.4987273315082559,1.9825421006402484,-4.529188811970773,2.907433267611249,11.626436501809785,9.140249398962654,9.79748204001674,0.8122230159216558,32.97226864631507,227956.31513162202,49447.56152032303,482291.86941627343,17293.48813227246,1202052.8236491436,2.963639183827146,1.0,6.028433598625228,0.0,11.0,7044.239523485659,7069.63556145559,400.74985381639726,6575.057272719126,7461.711669452757,2.100262633182131,2.111579039899935,0.17857306495038605,1.8911962748495694,2.286287106870184,8.969999999999999
94,10,2350,20210527Sbx_VBCSoilCores10_39um 3_2350.tif,NT,HM,NT-HM,2,1,50,10,True,-0.9172646580111795,-0.9780036448490398,1.4881064709301886,-3.0653656117913117,1.682569261741573,4.825990319244831,2.377100663489207,8.854503939271044,-0.7203940571100222,17.386741777454542,106040.68778577865,26323.68199418048,238033.8576734728,5698.324565896761,519721.2310744879,5.429771076366654,3.0,9.866950579762113,0.0,20.0,7001.564636917629,7064.686433557223,432.6419301914216,6383.657890122061,7418.145305766294,2.1085380617901897,2.1366916504792144,0.19296698764424705,1.8329392461103462,2.294341404390352,9.165
95,10,2350,20210527Sbx_VBCSoilCores10_39um 3_2350.tif,NT,HM,NT-HM,2,1,150,10,True,-1.6768838300950815,-1.587700629600533,1.3835183751599218,-3.9852382261350554,0.40661369118949553,9.811262214044136,7.882600012288158,7.945979041681326,1.2394392234007516,25.9648319459744,167127.21196269296,59091.06048769007,310368.0066215045,19343.528192797203,564184.0103006132,5.429771076366654,3.0,9.866950579762113,0.0,20.0,7001.564636917629,7064.686433557223,432.6419301914216,6383.657890122061,7418.145305766294,2.1085380617901897,2.1366916504792144,0.19296698764424705,1.8329392461103462,2.294341404390352,9.165
96,10,2400,20210527Sbx_VBCSoilCores10_39um 3_2400.tif,NT,HM,NT-HM,2,1,50,10,True,-0.9669183450529315,-0.9543534823967696,1.4319475071704002,-3.202973749141004,1.3739192343234445,4.832221307096683,2.5036701275867292,7.498276385966975,-0.5445699406759242,18.365089947618323,48619.84445471745,20595.582465734584,91746.5147674421,5419.823149910674,184054.96377400734,5.103640186556578,3.0,8.454697052040098,0.0,17.0,6962.4143094984065,6976.139079073689,322.8580407155187,6511.246672192009,7369.914712095962,2.089844016183078,2.0959081358636142,0.14265083198543485,1.8905011759551344,2.2698930288578514,9.36
97,10,2400,20210527Sbx_VBCSoilCores10_39um 3_2400.tif,NT,HM,NT-HM,2,1,150,10,True,-1.2028003671026688,-1.367771490106835,1.9356941539810646,-4.533553748324389,2.670713981568474,11.611626903952388,7.2812016431974795,13.232757805458784,1.2256228920931747,39.19632595594331,55531.87443874041,38556.725541411215,48482.98979155381,16629.010923477166,175482.9939326466,5.103640186556578,3.0,8.454697052040098,0.0,17.0,6962.4143094984065,6976.139079073689,322.8580407155187,6511.246672192009,7369.914712095962,2.089844016183078,2.0959081358636142,0.14265083198543485,1.8905011759551344,2.2698930288578514,9.36
98,10,2450,20210527Sbx_VBCSoilCores10_39um 3_2450.tif,NT,HM,NT-HM,2,1,50,10,True,-0.908594234359165,-0.8579787327888146,1.5861861894641647,-3.358503531554885,1.7130901805658427,5.564993121037778,2.217718421809593,11.115012769540058,-0.6433637922292109,21.720775393734414,43142.40422856007,18763.040852690938,91794.67367410756,5694.791206854723,156836.54846111767,3.7946551911568576,2.0,6.313164344490145,0.0,13.0,6989.471774922131,7000.846164610659,285.6547163762678,6606.957678572979,7363.258766067651,2.097854072090398,2.102881918735598,0.12626858642503794,1.9287705195890712,2.263079962965743,9.555
99,10,2450,20210527Sbx_VBCSoilCores10_39um 3_2450.tif,NT,HM,NT-HM,2,1,150,10,True,-1.2841280192053115,-1.2500573132542656,1.9513645347649933,-4.027905444358851,1.4267349025510916,13.412948892308087,8.396496339861718,26.351532176848444,0.8578544018823451,32.27226140460102,46754.90346155677,32637.215756431622,43691.90043004305,16884.259587724195,140592.17493388773,3.7946551911568576,2.0,6.313164344490145,0.0,13.0,6989.471774922131,7000.846164610659,285.6547163762678,6606.957678572979,7363.258766067651,2.097854072090398,2.102881918735598,0.12626858642503794,1.9287705195890712,2.263079962965743,9.555
100,10,2500,20210527Sbx_VBCSoilCores10_39um 3_2500.tif,NT,HM,NT-HM,2,1,50,10,True,-0.8989913984930328,-0.9195209779391385,1.5934170199645672,-3.3167484442202126,1.637106968029699,5.2156931322292,2.465285954717255,9.716393494612994,-0.542945272986026,18.161538017021925,41031.05981993344,20996.109248066343,60307.23618764593,5223.701307782311,152395.34007423784,3.440283172700879,2.0,5.64920951130827,0.0,12.0,7071.509984814411,7091.683833823274,290.11341580016705,6622.352435144644,7447.997989025878,2.089301703575987,2.0980778247994905,0.1262064816936151,1.8939071062127517,2.2530832587320204,9.75
101,10,2500,20210527Sbx_VBCSoilCores10_39um 3_2500.tif,NT,HM,NT-HM,2,1,150,10,True,-1.3354142811859384,-1.4133331771464017,1.4434246150617156,-3.215453848434477,0.4087880279601521,10.044166754384806,6.7911072487547965,12.76489842042932,0.6202740367648224,30.118913700427637,53561.197333347685,41332.089614201584,48427.417328235046,18034.53623140681,125220.91758573792,3.440283172700879,2.0,5.64920951130827,0.0,12.0,7071.509984814411,7091.683833823274,290.11341580016705,6622.352435144644,7447.997989025878,2.089301703575987,2.0980778247994905,0.1262064816936151,1.8939071062127517,2.2530832587320204,9.75
102,10,2550,20210527Sbx_VBCSoilCores10_39um 3_2550.tif,NT,HM,NT-HM,2,1,50,10,True,-0.8949417347980967,-0.8710814971212172,1.4079695176965812,-3.0964760437867254,1.5669916787991558,4.899448205310902,2.388519230364996,7.163883112284279,-0.578308396525542,19.164907371373452,30537.343596012437,17244.50145714576,47073.66826129036,4828.825357057809,98379.69306221891,3.6469710910011695,2.0,5.560346997233368,0.0,12.0,7062.1098046973375,7079.871063580725,264.2048676462698,6662.273406340193,7434.015303868828,2.099917137648303,2.1076674103625015,0.11528798662985436,1.925445206988631,2.262201188650182,9.945
103,10,2550,20210527Sbx_VBCSoilCores10_39um 3_2550.tif,NT,HM,NT-HM,2,1,150,10,True,-1.3742200444260655,-1.2461196644823822,1.3389948596216814,-3.64490844025192,0.9069726380868868,9.81064190121552,7.525920883416948,8.234454240953802,0.9359800480037018,26.78577480051613,48364.16618327681,31599.54193626363,83545.48718688605,15987.42732201929,121031.21170353793,3.6469710910011695,2.0,5.560346997233368,0.0,12.0,7062.1098046973375,7079.871063580725,264.2048676462698,6662.273406340193,7434.015303868828,2.099917137648303,2.1076674103625015,0.11528798662985436,1.925445206988631,2.262201188650182,9.945
104,10,2600,20210527Sbx_VBCSoilCores10_39um 3_2600.tif,NT,HM,NT-HM,2,1,50,10,True,-0.9673822541397764,-0.8936332838684884,1.3754141732379659,-3.2579010554768715,1.5121885497302328,4.737206821854159,2.423656870927716,7.011940070135462,-0.5716208781820338,18.03244821708553,35876.754423823375,18278.60538972162,69646.89463160306,4923.035177012754,104915.2885784875,2.31356353536224,1.0,3.9136420911236796,0.0,8.0,7052.311697545936,7074.394565152904,282.04328043480865,6625.5416910810945,7417.649366357293,2.0966332181751355,2.106236427754033,0.12265258210761623,1.9110431088192212,2.255508155212493,10.139999999999999
105,10,2600,20210527Sbx_VBCSoilCores10_39um 3_2600.tif,NT,HM,NT-HM,2,1,150,10,True,-0.9441786057511657,-1.1116030551347427,1.5802072700725407,-2.61244545981638,0.5447762143502811,8.692306060765853,5.186094900301597,27.413345992027505,0.7281652427650899,15.644741433502672,36891.5537744133,32361.30094261073,18890.966448374544,14853.25518227739,69509.70111749237,2.31356353536224,1.0,3.9136420911236796,0.0,8.0,7052.311697545936,7074.394565152904,282.04328043480865,6625.5416910810945,7417.649366357293,2.0966332181751355,2.106236427754033,0.12265258210761623,1.9110431088192212,2.255508155212493,10.139999999999999
106,10,2650,20210527Sbx_VBCSoilCores10_39um 3_2650.tif,NT,HM,NT-HM,2,1,50,10,True,-0.9798661248480669,-0.8527309555385818,1.4273054573387538,-3.3783936923776774,1.1513529954236421,4.86053728372466,2.2451858912945264,8.293743031779819,-0.5670843663696656,18.012689895033773,35721.8465218073,16279.406853624356,66958.99430433173,4615.284287268269,117602.47498654107,3.693323593786664,2.0,6.014385324930201,0.0,12.0,7094.253046294669,7105.919952710821,272.0843410783257,6703.535064236752,7468.025995321001,2.134835261360939,2.139985216136022,0.12010227918017537,1.9623662395280146,2.299824480865619,10.334999999999999
107,10,2650,20210527Sbx_VBCSoilCores10_39um 3_2650.tif,NT,HM,NT-HM,2,1,150,10,True,-1.7740885170423584,-1.80783438580901,1.2879687724726125,-3.7050317423159025,0.8415966344070781,10.857175055823406,9.4503208524494,8.248427995848036,1.3335721644490641,25.634742740384183,44009.77374279902,34839.407221050555,32202.732371431714,13502.054807470491,111197.88485682344,3.693323593786664,2.0,6.014385324930201,0.0,12.0,7094.253046294669,7105.919952710821,272.0843410783257,6703.535064236752,7468.025995321001,2.134835261360939,2.139985216136022,0.12010227918017537,1.9623662395280146,2.299824480865619,10.334999999999999
108,10,2700,20210527Sbx_VBCSoilCores10_39um 3_2700.tif,NT,HM,NT-HM,2,1,50,10,True,-1.146008557812087,-0.9230138562905617,1.5304784208809354,-4.047421496184915,0.9342264160854385,5.745368461543484,2.2838794937828966,8.659732022037677,-0.5438904972637334,24.07421002528717,32146.697415794693,17764.434047894978,48118.97773196207,4685.691413429593,102228.98947527334,4.877064317484307,3.0,7.528580538756494,0.0,15.0,7172.055095396289,7175.806190861827,270.51282423152634,6759.5759019049265,7553.292363283923,2.0366671679716513,2.0382293208694335,0.11265572847792055,1.864889197160983,2.195434362313813,10.53
109,10,2700,20210527Sbx_VBCSoilCores10_39um 3_2700.tif,NT,HM,NT-HM,2,1,150,10,True,-1.71785129941512,-1.944107059768414,1.6079385568909177,-3.8003752931179315,2.4346908580294073,12.45135690706041,10.176493688183907,8.971520473916739,2.269989788441289,28.68873972139776,51968.56540090348,37928.494562086795,57742.55053677121,17301.83519267556,157476.07046974328,4.877064317484307,3.0,7.528580538756494,0.0,15.0,7172.055095396289,7175.806190861827,270.51282423152634,6759.5759019049265,7553.292363283923,2.0366671679716513,2.0382293208694335,0.11265572847792055,1.864889197160983,2.195434362313813,10.53
110,10,2750,20210527Sbx_VBCSoilCores10_39um 3_2750.tif,NT,HM,NT-HM,2,1,50,10,True,-1.0912527660598803,-0.9801609898488695,1.857448834477704,-4.209868000357828,1.9727301771288892,7.3876032621024255,2.9553231351229607,12.369025543889974,-0.5123429029964061,30.707160402375678,46691.40923890135,17687.47209844343,222520.318848104,4489.073401897706,101718.49973707223,2.6198583873230006,1.0,5.519430946596572,0.0,8.0,7159.01503658987,7161.772602536737,266.19711784936965,6808.728543545772,7485.398787674503,2.1888969931206517,2.1901253188896965,0.11857441881719659,2.032865937383524,2.33428084967366,10.725
111,10,2750,20210527Sbx_VBCSoilCores10_39um 3_2750.tif,NT,HM,NT-HM,2,1,150,10,True,-1.750184869645257,-2.114838255830978,2.281298413689608,-4.2975699255452,1.7882616611669606,18.083047214321414,13.043893266431358,20.062920537271808,2.04161355672795,40.55525901993629,49901.51803811896,31052.02183513298,90660.50693859065,18475.56058647365,73719.32862936913,2.6198583873230006,1.0,5.519430946596572,0.0,8.0,7159.01503658987,7161.772602536737,266.19711784936965,6808.728543545772,7485.398787674503,2.1888969931206517,2.1901253188896965,0.11857441881719659,2.032865937383524,2.33428084967366,10.725
112,10,2800,20210527Sbx_VBCSoilCores10_39um 3_2800.tif,NT,HM,NT-HM,2,1,50,10,True,-1.1869056627006545,-0.9798534171705244,1.6992116382821192,-4.256576524288728,1.1682678417200916,6.926409462673217,3.0343353532295243,10.257380120693341,-0.46690849247419264,27.31970742058243,25074.154572601194,13342.330618607146,38115.50224106295,3756.8967550404495,75910.29185387123,3.4041246079156626,2.0,5.8986956157488155,0.0,10.0,7202.1143848058055,7203.720260599069,239.13634527534558,6863.327397098111,7527.962454225515,2.145043570018286,2.1457400174165975,0.10371031570896368,1.9981160696719964,2.2863596301670004,10.92
113,10,2800,20210527Sbx_VBCSoilCores10_39um 3_2800.tif,NT,HM,NT-HM,2,1,150,10,True,-2.335720269601129,-2.419290445470138,1.4019849374543452,-4.533203144656587,-0.14102163660194394,16.89130191684431,16.119989261204804,12.029871906024482,1.5210606513780978,38.665565273641874,30464.64631053322,27901.953125354925,14471.903906701087,15231.932431275638,57059.164104981646,3.4041246079156626,2.0,5.8986956157488155,0.0,10.0,7202.1143848058055,7203.720260599069,239.13634527534558,6863.327397098111,7527.962454225515,2.145043570018286,2.1457400174165975,0.10371031570896368,1.9981160696719964,2.2863596301670004,10.92
114,10,2850,20210527Sbx_VBCSoilCores10_39um 3_2850.tif,NT,HM,NT-HM,2,1,50,10,True,-1.2241872412505588,-1.0351504076255773,1.6041890870577502,-4.0194418475925335,0.689762599898135,6.212366972491242,2.5655306552678514,10.664239597457247,-0.5241450160245733,25.527451875041997,35140.19325844502,17211.847319102646,46253.941590034425,4262.645128819135,125743.49701305704,2.0171708641510486,1.0,3.6788397559954156,0.0,7.0,7228.259591969149,7256.081330948065,278.6543252856336,6749.649080087574,7586.614114896359,2.1038126871476766,2.115616227220594,0.11822077324114091,1.9007592992701359,2.2558467485299603,11.115
115,10,2850,20210527Sbx_VBCSoilCores10_39um 3_2850.tif,NT,HM,NT-HM,2,1,150,10,True,-2.1010801569971513,-1.8994549075487546,1.675867113550388,-5.136869438575499,0.2093910547029677,15.78398581498404,8.295342913641953,16.571627399976368,1.1490339149770554,54.40002195333021,48508.80804911117,41568.292848338366,26383.72874653466,18437.536949477944,105635.09492540706,2.0171708641510486,1.0,3.6788397559954156,0.0,7.0,7228.259591969149,7256.081330948065,278.6543252856336,6749.649080087574,7586.614114896359,2.1038126871476766,2.115616227220594,0.11822077324114091,1.9007592992701359,2.2558467485299603,11.115
116,10,2900,20210527Sbx_VBCSoilCores10_39um 3_2900.tif,NT,HM,NT-HM,2,1,50,10,True,-1.1206627313897874,-1.0386437616325495,1.545607799177512,-3.7996792441239906,1.2522483631396928,5.951817080093221,2.6664393720309656,9.13398784950196,-0.4279336647065315,24.569238738465263,33619.96039447759,18754.27855868137,48172.78617372122,5019.295365317791,115629.38225377988,4.55108715393824,3.0,6.943570267025318,0.0,14.0,7265.801818508858,7276.208793348101,293.9967513254199,6771.484822206103,7668.407868637961,2.062469294109636,2.066776532468005,0.1216793644748511,1.8578813941138983,2.2290998711231023,11.309999999999999
117,10,2900,20210527Sbx_VBCSoilCores10_39um 3_2900.tif,NT,HM,NT-HM,2,1,150,10,True,-1.6623170626360313,-1.4991342421571228,1.6332168164637777,-4.7343543646447435,1.0010745744989573,12.125452983623399,8.566664818298346,11.673485504525615,1.3922710273166157,38.14297444481006,57449.58384438373,41592.94967578336,61741.78562137152,16432.933797983973,130350.3218267633,4.55108715393824,3.0,6.943570267025318,0.0,14.0,7265.801818508858,7276.208793348101,293.9967513254199,6771.484822206103,7668.407868637961,2.062469294109636,2.066776532468005,0.1216793644748511,1.8578813941138983,2.2290998711231023,11.309999999999999
118,10,2950,20210527Sbx_VBCSoilCores10_39um 3_2950.tif,NT,HM,NT-HM,2,1,50,10,True,-1.1964775298639292,-1.045060037649224,1.5998522530472261,-3.718638846679086,1.1138655972261378,6.420592316635066,3.2269815321850475,9.236936651589112,-0.4099118118340868,22.45525624776147,32162.84358525436,17334.200986062082,49607.339412864625,4747.148526081905,118538.5201009169,4.546080786547242,3.0,7.035140787969824,0.0,14.0,7270.389020276521,7295.740534502904,274.47284056929453,6809.089271505331,7625.989818899243,2.139437817754448,2.150290124260546,0.11749449626000248,1.941967709257309,2.2916610272245426,11.504999999999999
119,10,2950,20210527Sbx_VBCSoilCores10_39um 3_2950.tif,NT,HM,NT-HM,2,1,150,10,True,-1.981324832757451,-1.96281448407386,1.6197273759700284,-4.422976050264101,0.7693003045559018,14.422786708802905,12.524379276951432,9.112747222474855,3.0734694911997846,31.63347790245419,46056.0771620164,41025.69931954957,21274.28347307099,20854.250773239568,90124.11710560764,4.546080786547242,3.0,7.035140787969824,0.0,14.0,7270.389020276521,7295.740534502904,274.47284056929453,6809.089271505331,7625.989818899243,2.139437817754448,2.150290124260546,0.11749449626000248,1.941967709257309,2.2916610272245426,11.504999999999999
120,10,3000,20210527Sbx_VBCSoilCores10_39um 3_3000.tif,NT,HM,NT-HM,2,1,50,10,True,-1.1461147310466129,-1.0505169676044692,1.6976534928985956,-3.902152987403038,1.7471237766121075,6.768418643805769,3.3619580053814513,9.899806064180071,-0.3645252655616722,23.643025826985998,31515.109443522986,18798.487842781036,40451.26604919445,4667.840014105594,98833.14521537935,3.56939056886426,2.0,5.662729474011796,0.0,11.0,7269.971945669178,7289.771062810513,259.8001566589738,6842.064152465759,7625.805964790381,2.104591897948012,2.112905133417064,0.1090846557341474,1.9249223592231925,2.2539991653396405,11.7
121,10,3000,20210527Sbx_VBCSoilCores10_39um 3_3000.tif,NT,HM,NT-HM,2,1,150,10,True,-1.7184395860362724,-1.4534134191563686,1.4962572030141013,-4.534332108465828,0.2527829371017452,13.505090521862323,9.468051524082822,11.387348561899111,1.7338543839653213,35.746802685561825,40043.6045241857,37817.19704292956,16401.874354883643,18239.13483361908,72599.21209734895,3.56939056886426,2.0,5.662729474011796,0.0,11.0,7269.971945669178,7289.771062810513,259.8001566589738,6842.064152465759,7625.805964790381,2.104591897948012,2.112905133417064,0.1090846557341474,1.9249223592231925,2.2539991653396405,11.7
122,10,3050,20210527Sbx_VBCSoilCores10_39um 3_3050.tif,NT,HM,NT-HM,2,1,50,10,True,-1.3957796465740142,-1.2056009444986886,1.5832678945614118,-4.255737385954603,0.9828937987250991,7.338038085749137,4.199767010652675,9.347111026182544,-0.2576594326460796,26.197853767472406,28651.008887373126,16955.532343452807,31892.44514287364,4633.719508817062,90600.05737474015,2.692889501099726,2.0,4.396308946276161,0.0,9.0,7288.087320558129,7302.998165845512,255.51948141401658,6889.252474795303,7647.9385192484915,2.0943796267182857,2.10061381588789,0.10683209120291726,1.9276277204383974,2.244832562303568,11.895
123,10,3050,20210527Sbx_VBCSoilCores10_39um 3_3050.tif,NT,HM,NT-HM,2,1,150,10,True,-2.10159093078052,-2.1460217188594948,1.151297384517854,-4.045127918623838,-0.2960370553165266,13.806238478353565,12.404464285138154,9.257135575950128,2.0538448494027426,33.010137825626536,33675.02613486106,31057.1406175035,13738.30325723595,16325.317310447288,62022.375858215724,2.692889501099726,2.0,4.396308946276161,0.0,9.0,7288.087320558129,7302.998165845512,255.51948141401658,6889.252474795303,7647.9385192484915,2.0943796267182857,2.10061381588789,0.10683209120291726,1.9276277204383974,2.244832562303568,11.895
124,10,3100,20210527Sbx_VBCSoilCores10_39um 3_3100.tif,NT,HM,NT-HM,2,1,50,10,True,-1.339445306115515,-1.285912123289802,1.5309080544009421,-3.798452759638983,0.8193929115834376,6.6219398365699975,3.7770807703884954,8.73941506872933,-0.23000983566685693,24.755301021927323,35932.1622893076,17038.264795972947,93574.22171688855,4463.584707334397,98740.1155884257,3.155904106737797,2.0,4.968625687027618,0.0,10.0,7310.374270268985,7320.10850900607,275.3857208867197,6896.54884113336,7678.507365886697,2.078906337312839,2.0829467745509005,0.1143056741830456,1.9071378283315987,2.2317091099046094,12.09
125,10,3100,20210527Sbx_VBCSoilCores10_39um 3_3100.tif,NT,HM,NT-HM,2,1,150,10,True,-1.5065442289773934,-1.9537286725747627,1.9023210485990825,-3.408047164196482,3.9415899815142725,13.001020737619157,10.432499282930554,10.155032592730315,2.8619108868557612,29.758172873991036,46938.31827371435,34602.512369708784,49235.34369536384,16081.858453526162,153259.7955063183,3.155904106737797,2.0,4.968625687027618,0.0,10.0,7310.374270268985,7320.10850900607,275.3857208867197,6896.54884113336,7678.507365886697,2.078906337312839,2.0829467745509005,0.1143056741830456,1.9071378283315987,2.2317091099046094,12.09
126,10,3150,20210527Sbx_VBCSoilCores10_39um 3_3150.tif,NT,HM,NT-HM,2,1,50,10,True,-1.0923048432500615,-1.0423005354881598,1.6408153709711844,-3.532718582893846,1.1413883836248457,6.465517100028723,3.2540480668934437,11.819364798424765,-0.3995638323262718,21.93392326147743,25973.589305265003,16040.283218988106,31318.26328848563,4728.913983278712,76317.64246673243,2.6592379192259608,2.0,4.222145625801798,0.0,9.0,7306.727384942733,7304.943142280734,268.9195257573022,6889.466627877982,7723.926645151767,2.061515596941972,2.060780336880668,0.11081776666662897,1.8895685987263287,2.233437253211216,12.285
127,10,3150,20210527Sbx_VBCSoilCores10_39um 3_3150.tif,NT,HM,NT-HM,2,1,150,10,True,-1.7814790183101692,-1.826711805760176,1.1502953284849127,-3.485570217113792,-0.01749694410878376,11.458973184242259,9.891830472191755,9.308648318041053,2.5347693489632213,24.047353925851734,35340.66183639053,32045.93405183276,14589.571733944322,17895.266802742517,66467.29927085481,2.6592379192259608,2.0,4.222145625801798,0.0,9.0,7306.727384942733,7304.943142280734,268.9195257573022,6889.466627877982,7723.926645151767,2.061515596941972,2.060780336880668,0.11081776666662897,1.8895685987263287,2.233437253211216,12.285
128,10,3200,20210527Sbx_VBCSoilCores10_39um 3_3200.tif,NT,HM,NT-HM,2,1,50,10,True,-1.2257641005075177,-1.2003415367744026,1.5915769532540671,-3.7395289279350292,1.2737264859598163,6.939145177943959,4.093322147628367,9.676839923215969,-0.4125921252746342,23.076598796073785,41817.566460201946,19090.312577185075,78400.70269968038,5345.91289418677,146752.30563276983,2.7123622378160097,2.0,4.573160868404976,0.0,9.0,7283.857219202936,7296.270864091776,295.4298624124707,6861.059406738914,7681.192356940198,2.087070007327881,2.092117102289815,0.12011480782145034,1.9151703978004522,2.248617094410727,12.479999999999999
129,10,3200,20210527Sbx_VBCSoilCores10_39um 3_3200.tif,NT,HM,NT-HM,2,1,150,10,True,-1.887798596425927,-1.8664298935539585,1.3625945403137254,-3.9660440935221173,0.24637872661308238,12.983311595364512,11.002941614512174,8.701786207512622,2.3675185382212773,30.38998935570675,58400.77029968283,40050.74596885186,59580.7567636646,18306.365672200867,208375.42810363646,2.7123622378160097,2.0,4.573160868404976,0.0,9.0,7283.857219202936,7296.270864091776,295.4298624124707,6861.059406738914,7681.192356940198,2.087070007327881,2.092117102289815,0.12011480782145034,1.9151703978004522,2.248617094410727,12.479999999999999
130,10,3250,20210527Sbx_VBCSoilCores10_39um 3_3250.tif,NT,HM,NT-HM,2,1,50,10,True,-1.3113137497715546,-1.1436841672131859,1.4078304843982576,-3.8208978044822643,0.9637749829638719,6.002983420876317,3.345144079602272,7.6305986374042565,-0.40906337488292727,21.887233601670594,49212.026442156246,21559.75558492822,107290.17701308084,5891.9905551313595,167315.76974876045,5.3516259731443965,3.0,7.772790618882539,0.0,17.0,7287.733387461021,7299.132375436206,324.2583971035539,6832.703845140675,7738.178901035144,1.9240633349602807,1.9280569545931436,0.11360347985387345,1.76464436568869,2.081876296116205,12.674999999999999
131,10,3250,20210527Sbx_VBCSoilCores10_39um 3_3250.tif,NT,HM,NT-HM,2,1,150,10,True,-2.074406124228405,-2.15972835513014,1.20972591634982,-4.074285737638836,-0.09561868396691398,10.555756158820298,9.123956212997319,7.6911192383004146,1.389288494977598,25.349710591630476,71525.84248699146,48009.18236940967,62840.22679893583,21713.352650182256,230016.26617911793,5.3516259731443965,3.0,7.772790618882539,0.0,17.0,7287.733387461021,7299.132375436206,324.2583971035539,6832.703845140675,7738.178901035144,1.9240633349602807,1.9280569545931436,0.11360347985387345,1.76464436568869,2.081876296116205,12.674999999999999
132,10,3300,20210527Sbx_VBCSoilCores10_39um 3_3300.tif,NT,HM,NT-HM,2,1,50,10,True,-1.1124187381180368,-1.0490355739688222,1.58506292504549,-3.476297025926917,1.0868301688052504,6.11797709032074,3.146643722665851,10.657086615841315,-0.3401268548357635,20.295331124605898,41506.302480069215,19667.148813189382,80531.50558066237,5684.170322434294,161478.65791724878,2.8086504043484024,2.0,4.45620945118434,0.0,9.0,7282.416825427362,7289.404112180506,316.97551657956484,6829.493405570985,7725.591754824025,1.9137386264439247,1.915972491175411,0.10133839532393252,1.7689371191598378,2.055423500649601,12.87
133,10,3300,20210527Sbx_VBCSoilCores10_39um 3_3300.tif,NT,HM,NT-HM,2,1,150,10,True,-1.5819829972299502,-1.8447756461642042,1.6583337663421331,-3.6444371062036174,1.6032228751327406,12.87808970196199,10.45062971295852,16.451535438777928,1.4575175236904883,28.21715516289628,58347.52191595288,45184.09739324498,46298.001785517685,20765.339110017787,133070.21614827056,2.8086504043484024,2.0,4.45620945118434,0.0,9.0,7282.416825427362,7289.404112180506,316.97551657956484,6829.493405570985,7725.591754824025,1.9137386264439247,1.915972491175411,0.10133839532393252,1.7689371191598378,2.055423500649601,12.87
134,10,3350,20210527Sbx_VBCSoilCores10_39um 3_3350.tif,NT,HM,NT-HM,2,1,50,10,True,-1.243740878224852,-1.1059736581011401,1.5229661784452777,-3.8310961771267316,1.1204658628440307,6.334330648278614,3.464329007777253,8.35367773426205,-0.35064701161357614,22.25210379554073,35198.17585609656,21559.733976495016,44479.32800963513,5922.096305973548,111002.10816082988,5.512057209600162,3.0,7.762245879015434,0.0,17.0,7197.250362320108,7198.172777662851,279.3701844716525,6794.200525819814,7599.553364290078,2.454284543957458,2.454656161581996,0.11255112475847474,2.291906040619245,2.6163621667040093,13.065
135,10,3350,20210527Sbx_VBCSoilCores10_39um 3_3350.tif,NT,HM,NT-HM,2,1,150,10,True,-1.983337620801855,-1.9691212761091044,0.9718834571575713,-3.5691945487873595,-0.46332017273687653,11.528405173544373,11.008767830839052,7.144276135738137,1.3844875474252656,23.642872644208516,44623.18780547289,40873.60743413415,18498.658516033767,21808.729737665733,83318.53123685347,5.512057209600162,3.0,7.762245879015434,0.0,17.0,7197.250362320108,7198.172777662851,279.3701844716525,6794.200525819814,7599.553364290078,2.454284543957458,2.454656161581996,0.11255112475847474,2.291906040619245,2.6163621667040093,13.065
